Sample ID,Age,Sex,Weight_kg,BMI,Blood Sugar,blood_pressure,LDL Level,Smoking Status,alcohol_usage
sample_01,34,Female,68.2,23.6,92,118,104,Never,None
sample_02,52,Male,81.5,27.8,108,132,141,Former,Occasional
sample_03,46,Female,74.0,25.9,,126,128,Never,Regular
sample_04,61,Male,92.3,31.2,146,148,176,Current,Regular
sample_05,29,Female,58.4,21.7,88,112,96,Never,Occasional
sample_06,73,Male,79.8,28.1,132,142,158,Former,None
sample_07,55,Female,85.1,,119,136,149,Current,Occasional
sample_07,55,Female,85.1,,119,136,149,Current,Occasional
sample_09,40,Male,,24.8,101,124,117,Never,None
sample_10,67,Female,76.2,26.4,155,,188,Former,Regular
sample_11,23,Male,64.5,22.3,84,110,91,Never,Occasional
sample_12,49,Female,102.6,34.5,172,154,201,Current,Regular
sample_13,,Male,70.3,24.6,95,120,112,Never,None
sample_14,58,Female,88.9,30.1,127,139,,Former,Occasional
sample_15,36,Male,61.7,20.9,90,116,99,Never,
sample_16,44,Female,95.0,32.7,138,145,164,Current,Regular
sample_17,63,Male,82.7,29.4,,150,192,Former,Occasional
sample_17,63,Male,82.7,29.4,,150,192,Former,Occasional
sample_19,31,Female,72.1,24.1,97,121,109,Never,None
sample_20,70,Male,90.4,30.8,162,158,214,Former,Regular
sample_21,27,Female,55.6,19.8,79,108,87,Never,Occasional
sample_22,53,Male,78.0,26.7,113,130,135,Current,None
sample_23,47,Female,83.4,28.6,121,134,146,Former,Occasional
sample_24,65,,,33.2,184,160,228,,Regular
sample_25,39,Female,69.9,23.9,99,122,119,Never,None
sample_26,57,Male,91.8,31.5,142,149,173,Current,
sample_27,42,Female,77.3,,105,128,126,Former,Occasional
sample_28,75,Male,84.6,29.9,150,152,196,Former,None
sample_29,33,Female,62.8,21.8,86,114,94,Never,Occasional
sample_29,33,Female,62.8,21.8,86,114,94,Never,Occasional
